timestamp_iso,timestamp_epoch,ax,ay,az,magnitude
2026-03-25T13:20:32.277Z,1774444832.277,0.0600,0.1110,-0.9900,0.9980
2026-03-25T13:20:32.383Z,1774444832.384,0.0420,0.1100,-1.0200,1.0268
2026-03-25T13:20:32.486Z,1774444832.487,0.0150,0.1110,-1.0210,1.0271
2026-03-25T13:20:32.596Z,1774444832.596,0.0470,0.1260,-1.0630,1.0715
2026-03-25T13:20:32.699Z,1774444832.699,0.0770,0.1080,-1.0090,1.0177
2026-03-25T13:20:32.811Z,1774444832.811,0.0640,0.0980,-0.9970,1.0038
2026-03-25T13:20:32.924Z,1774444832.924,0.0410,0.0980,-1.0630,1.0683
2026-03-25T13:20:33.027Z,1774444833.028,0.0400,0.1070,-1.0270,1.0333
2026-03-25T13:20:33.133Z,1774444833.134,0.0460,0.1140,-1.0210,1.0284
2026-03-25T13:20:33.237Z,1774444833.237,0.0500,0.0960,-1.0300,1.0357
2026-03-25T13:20:33.343Z,1774444833.344,0.0630,0.0970,-1.0000,1.0067
2026-03-25T13:20:33.443Z,1774444833.444,0.0790,0.0810,-1.0410,1.0471
2026-03-25T13:20:33.555Z,1774444833.555,0.0420,0.0820,-1.0080,1.0122
2026-03-25T13:20:33.656Z,1774444833.656,0.0480,0.0810,-1.0450,1.0492
2026-03-25T13:20:33.764Z,1774444833.764,0.0510,0.0630,-1.0480,1.0511
2026-03-25T13:20:33.871Z,1774444833.871,0.0760,0.1050,-1.0780,1.0858
2026-03-25T13:20:33.977Z,1774444833.977,0.0520,0.0950,-0.9350,0.9413
2026-03-25T13:20:34.083Z,1774444834.083,0.0870,0.0940,-1.0530,1.0608
2026-03-25T13:20:34.186Z,1774444834.186,0.0640,0.0710,-1.0260,1.0304
2026-03-25T13:20:34.292Z,1774444834.293,0.0760,0.0770,-1.0350,1.0406
2026-03-25T13:20:34.400Z,1774444834.4,0.0850,0.0710,-1.0260,1.0320
2026-03-25T13:20:34.505Z,1774444834.505,0.1110,0.0790,-1.0190,1.0281
2026-03-25T13:20:34.621Z,1774444834.622,0.0890,0.0520,-1.0120,1.0172
2026-03-25T13:20:34.730Z,1774444834.731,0.0860,0.0490,-1.0340,1.0387
2026-03-25T13:20:34.841Z,1774444834.842,0.1260,0.0920,-1.0130,1.0249
2026-03-25T13:20:34.943Z,1774444834.944,0.1450,0.0150,-1.0610,1.0710
2026-03-25T13:20:35.046Z,1774444835.046,0.0550,-0.1120,-1.0040,1.0117
2026-03-25T13:20:35.153Z,1774444835.153,0.0980,-0.0310,-1.0550,1.0600
2026-03-25T13:20:35.265Z,1774444835.265,0.0720,0.0300,-0.9740,0.9771
2026-03-25T13:20:35.365Z,1774444835.366,0.1110,0.0090,-1.0610,1.0668
2026-03-25T13:20:35.470Z,1774444835.47,0.0950,-0.1130,-1.0600,1.0702
2026-03-25T13:20:35.579Z,1774444835.579,0.1000,-0.0780,-1.0190,1.0269
2026-03-25T13:20:35.685Z,1774444835.686,0.1100,-0.0210,-1.0380,1.0440
2026-03-25T13:20:35.791Z,1774444835.792,0.1190,-0.0510,-1.0340,1.0421
2026-03-25T13:20:35.898Z,1774444835.898,0.1460,-0.0010,-1.0110,1.0215
2026-03-25T13:20:36.000Z,1774444836.001,0.1270,-0.0260,-0.9620,0.9707
2026-03-25T13:20:36.107Z,1774444836.107,0.1430,-0.0050,-1.0090,1.0191
2026-03-25T13:20:36.213Z,1774444836.214,0.1690,0.0800,-1.0110,1.0281
2026-03-25T13:20:36.320Z,1774444836.32,0.1690,-0.0540,-1.0330,1.0481
2026-03-25T13:20:36.436Z,1774444836.437,0.1630,-0.0550,-1.0180,1.0324
2026-03-25T13:20:36.545Z,1774444836.545,0.1670,-0.0390,-1.0150,1.0294
2026-03-25T13:20:36.663Z,1774444836.663,0.1430,-0.0570,-1.0320,1.0434
2026-03-25T13:20:36.770Z,1774444836.771,0.1330,-0.0400,-1.0250,1.0344
2026-03-25T13:20:36.872Z,1774444836.872,0.1500,-0.0380,-1.0330,1.0445
2026-03-25T13:20:36.983Z,1774444836.983,0.1560,-0.0370,-1.0120,1.0246
2026-03-25T13:20:37.088Z,1774444837.088,0.1560,-0.0390,-1.0200,1.0326
2026-03-25T13:20:37.192Z,1774444837.193,0.1600,-0.0580,-1.0200,1.0341
2026-03-25T13:20:37.298Z,1774444837.299,0.1570,-0.0630,-1.0000,1.0142
2026-03-25T13:20:37.405Z,1774444837.405,0.1720,-0.0980,-1.0210,1.0400
2026-03-25T13:20:37.508Z,1774444837.508,0.1660,-0.0780,-1.0040,1.0206
2026-03-25T13:20:37.614Z,1774444837.615,0.1750,-0.0810,-0.9970,1.0155
2026-03-25T13:20:37.720Z,1774444837.721,0.1630,-0.1230,-1.0320,1.0520
2026-03-25T13:20:37.851Z,1774444837.852,0.1730,-0.1270,-0.9940,1.0169
2026-03-25T13:20:37.962Z,1774444837.962,0.1770,-0.1010,-1.0240,1.0441
2026-03-25T13:20:38.071Z,1774444838.071,0.1780,-0.0950,-1.0140,1.0339
2026-03-25T13:20:38.171Z,1774444838.171,0.1670,-0.1110,-1.0040,1.0238
2026-03-25T13:20:38.272Z,1774444838.272,0.1690,-0.1250,-1.0240,1.0454
2026-03-25T13:20:38.384Z,1774444838.384,0.1740,-0.1010,-0.9960,1.0161
2026-03-25T13:20:38.491Z,1774444838.491,0.1550,-0.1170,-1.0040,1.0226
2026-03-25T13:20:38.593Z,1774444838.593,0.1680,-0.1070,-1.0270,1.0461
2026-03-25T13:20:38.701Z,1774444838.701,0.1720,-0.0860,-1.0340,1.0517
2026-03-25T13:20:38.806Z,1774444838.806,0.1690,-0.0890,-1.0210,1.0387
2026-03-25T13:20:38.912Z,1774444838.912,0.1720,-0.1060,-1.0020,1.0222
2026-03-25T13:20:39.015Z,1774444839.015,0.1730,-0.1120,-1.0170,1.0377
2026-03-25T13:20:39.121Z,1774444839.122,0.1620,-0.1130,-1.0370,1.0556
2026-03-25T13:20:39.227Z,1774444839.228,0.1740,-0.0940,-1.0110,1.0302
2026-03-25T13:20:39.334Z,1774444839.334,0.1800,-0.0700,-1.0240,1.0421
2026-03-25T13:20:39.452Z,1774444839.453,0.1670,-0.0960,-0.9940,1.0125
2026-03-25T13:20:39.559Z,1774444839.56,0.1640,-0.1000,-0.9680,0.9869
2026-03-25T13:20:39.663Z,1774444839.663,0.1750,-0.0510,-1.0020,1.0184
2026-03-25T13:20:39.768Z,1774444839.769,0.1830,-0.1260,-1.0260,1.0498
2026-03-25T13:20:39.882Z,1774444839.883,0.1690,-0.1060,-1.0210,1.0403
2026-03-25T13:20:39.997Z,1774444839.998,0.1840,-0.1350,-1.0260,1.0511
2026-03-25T13:20:40.105Z,1774444840.105,0.1860,-0.0830,-0.9930,1.0137
2026-03-25T13:20:40.207Z,1774444840.207,0.1800,-0.0800,-0.9930,1.0123
2026-03-25T13:20:40.313Z,1774444840.313,0.1790,-0.1040,-0.9820,1.0036
2026-03-25T13:20:40.419Z,1774444840.42,0.1890,-0.0970,-1.0400,1.0615
2026-03-25T13:20:40.522Z,1774444840.523,0.1920,-0.1040,-1.0290,1.0519
2026-03-25T13:20:40.628Z,1774444840.629,0.1900,-0.0980,-0.9990,1.0216
2026-03-25T13:20:40.735Z,1774444840.735,0.1910,-0.0660,-1.0210,1.0408
2026-03-25T13:20:40.841Z,1774444840.842,0.2030,-0.0790,-1.0030,1.0264
2026-03-25T13:20:40.948Z,1774444840.948,0.2010,-0.0620,-0.9810,1.0033
2026-03-25T13:20:41.070Z,1774444841.071,0.2290,-0.0440,-1.0130,1.0395
2026-03-25T13:20:41.173Z,1774444841.174,0.2310,-0.0850,-1.0220,1.0512
2026-03-25T13:20:41.276Z,1774444841.277,0.2310,-0.0690,-1.0170,1.0452
2026-03-25T13:20:41.383Z,1774444841.383,0.2230,-0.0530,-1.0110,1.0367
2026-03-25T13:20:41.499Z,1774444841.5,0.2220,-0.1180,-0.9770,1.0088
2026-03-25T13:20:41.611Z,1774444841.612,0.2370,-0.0420,-1.0190,1.0470
2026-03-25T13:20:41.718Z,1774444841.718,0.2450,-0.0470,-0.9940,1.0248
2026-03-25T13:20:41.824Z,1774444841.825,0.2290,-0.0440,-0.9640,0.9918
2026-03-25T13:20:41.927Z,1774444841.928,0.2350,-0.0800,-1.0260,1.0556
2026-03-25T13:20:42.033Z,1774444842.034,0.2150,-0.1190,-1.0380,1.0667
2026-03-25T13:20:42.140Z,1774444842.14,0.2060,-0.0990,-0.9850,1.0112
2026-03-25T13:20:42.246Z,1774444842.247,0.1870,-0.0840,-1.0110,1.0316
2026-03-25T13:20:42.353Z,1774444842.353,0.1870,-0.1010,-1.0130,1.0351
2026-03-25T13:20:42.462Z,1774444842.462,0.1610,-0.0850,-0.9990,1.0155
2026-03-25T13:20:42.566Z,1774444842.566,0.1350,-0.0260,-0.9900,0.9995
2026-03-25T13:20:42.683Z,1774444842.684,0.1780,-0.1510,-1.0500,1.0756
2026-03-25T13:20:42.795Z,1774444842.795,0.1540,-0.0620,-1.0480,1.0611
2026-03-25T13:20:42.905Z,1774444842.905,0.1540,-0.1260,-1.0380,1.0569
2026-03-25T13:20:43.008Z,1774444843.008,0.1630,-0.1110,-0.9910,1.0104
2026-03-25T13:20:43.109Z,1774444843.109,0.1850,0.0110,-0.9930,1.0101
2026-03-25T13:20:43.217Z,1774444843.218,0.1940,-0.0430,-1.0780,1.0962
2026-03-25T13:20:43.325Z,1774444843.325,0.1820,-0.0070,-0.9740,0.9909
2026-03-25T13:20:43.430Z,1774444843.43,0.2540,-0.0450,-1.0490,1.0803
2026-03-25T13:20:43.537Z,1774444843.537,0.1620,-0.0970,-1.0260,1.0432
2026-03-25T13:20:43.643Z,1774444843.643,0.2020,-0.1260,-1.0570,1.0835
2026-03-25T13:20:43.754Z,1774444843.755,0.1910,-0.0100,-1.0100,1.0279
2026-03-25T13:20:43.856Z,1774444843.856,0.2480,-0.0730,-1.0410,1.0726
2026-03-25T13:20:43.959Z,1774444843.959,0.2120,-0.1290,-1.0220,1.0517
2026-03-25T13:20:44.065Z,1774444844.066,0.2100,-0.1330,-1.0000,1.0304
2026-03-25T13:20:44.172Z,1774444844.172,0.1400,-0.0420,-0.9970,1.0077
2026-03-25T13:20:44.304Z,1774444844.304,0.1750,-0.1350,-1.0660,1.0887
2026-03-25T13:20:44.413Z,1774444844.414,0.1390,-0.0930,-1.0210,1.0346
2026-03-25T13:20:44.522Z,1774444844.523,0.1470,-0.0840,-1.0000,1.0142
2026-03-25T13:20:44.626Z,1774444844.627,0.1600,-0.0810,-0.9580,0.9746
2026-03-25T13:20:44.731Z,1774444844.732,0.1430,-0.0190,-1.0290,1.0391
2026-03-25T13:20:44.839Z,1774444844.839,0.1460,-0.0740,-0.9570,0.9709
2026-03-25T13:20:44.945Z,1774444844.946,0.1650,-0.0790,-1.0190,1.0353
2026-03-25T13:20:45.052Z,1774444845.052,0.2110,-0.0880,-1.2600,1.2806
2026-03-25T13:20:45.158Z,1774444845.159,0.4180,-0.0590,-1.5770,1.6325
2026-03-25T13:20:45.265Z,1774444845.265,0.1720,0.0350,-0.9240,0.9405
2026-03-25T13:20:45.372Z,1774444845.372,0.0300,0.0410,-0.4480,0.4509
2026-03-25T13:20:45.478Z,1774444845.478,-0.0400,-0.1200,-0.1890,0.2274
2026-03-25T13:20:45.584Z,1774444845.585,0.2290,0.0670,-0.9970,1.0252
2026-03-25T13:20:45.708Z,1774444845.709,0.3510,0.0980,-1.3590,1.4070
2026-03-25T13:20:45.813Z,1774444845.814,0.3090,-0.0160,-1.2440,1.2819
2026-03-25T13:20:45.923Z,1774444845.923,0.2620,0.0120,-0.9840,1.0184
2026-03-25T13:20:46.023Z,1774444846.024,0.2410,0.0540,-0.9580,0.9893
2026-03-25T13:20:46.147Z,1774444846.148,0.2470,0.0320,-0.9590,0.9908
2026-03-25T13:20:46.252Z,1774444846.252,0.2380,0.0250,-0.9970,1.0253
2026-03-25T13:20:46.356Z,1774444846.357,0.2280,0.0070,-1.0100,1.0354
2026-03-25T13:20:46.461Z,1774444846.461,0.2150,-0.0070,-1.0170,1.0395
2026-03-25T13:20:46.567Z,1774444846.568,0.2660,-0.0270,-1.1160,1.1476
2026-03-25T13:20:46.674Z,1774444846.674,0.3040,-0.0140,-1.2850,1.3205
2026-03-25T13:20:46.781Z,1774444846.781,0.2300,-0.1170,-1.1410,1.1698
2026-03-25T13:20:46.887Z,1774444846.887,0.1560,0.0380,-0.9920,1.0049
2026-03-25T13:20:46.994Z,1774444846.994,0.0290,0.0050,-0.6020,0.6027
2026-03-25T13:20:47.117Z,1774444847.117,0.0480,-0.1240,-0.5580,0.5736
2026-03-25T13:20:47.223Z,1774444847.223,0.1630,-0.0560,-0.9960,1.0108
2026-03-25T13:20:47.329Z,1774444847.33,0.2540,-0.0450,-1.2530,1.2793
2026-03-25T13:20:47.435Z,1774444847.436,0.3110,-0.0610,-1.1350,1.1784
2026-03-25T13:20:47.560Z,1774444847.56,0.3070,-0.0250,-1.0770,1.1202
2026-03-25T13:20:47.661Z,1774444847.661,0.2760,-0.0130,-1.0010,1.0384
2026-03-25T13:20:47.769Z,1774444847.769,0.2550,0.0060,-0.9970,1.0291
2026-03-25T13:20:47.874Z,1774444847.874,0.2600,0.0240,-1.0010,1.0345
2026-03-25T13:20:47.982Z,1774444847.982,0.2610,0.0210,-0.9960,1.0298
2026-03-25T13:20:48.083Z,1774444848.084,0.2330,-0.0140,-0.9880,1.0152
2026-03-25T13:20:48.189Z,1774444848.19,0.2330,0.0010,-0.9870,1.0141
2026-03-25T13:20:48.296Z,1774444848.296,0.2330,0.0030,-0.9950,1.0219
2026-03-25T13:20:48.402Z,1774444848.403,0.2340,-0.0010,-1.0180,1.0445
2026-03-25T13:20:48.509Z,1774444848.509,0.2380,0.0050,-1.0500,1.0766
2026-03-25T13:20:48.615Z,1774444848.615,0.2580,-0.0300,-1.1550,1.1838
2026-03-25T13:20:48.729Z,1774444848.729,0.2560,-0.0030,-1.2460,1.2720
2026-03-25T13:20:48.840Z,1774444848.841,0.2190,0.0320,-1.0660,1.0887
2026-03-25T13:20:48.957Z,1774444848.957,0.1190,0.0160,-0.9470,0.9546
2026-03-25T13:20:49.070Z,1774444849.07,0.0710,0.0030,-0.9240,0.9267
2026-03-25T13:20:49.179Z,1774444849.179,0.0770,-0.0230,-0.9690,0.9723
2026-03-25T13:20:49.283Z,1774444849.283,0.0020,-0.1320,-0.7470,0.7586
2026-03-25T13:20:49.389Z,1774444849.389,0.0550,-0.0540,-0.8490,0.8525
2026-03-25T13:20:49.496Z,1774444849.496,0.0920,-0.0290,-1.0540,1.0584
2026-03-25T13:20:49.598Z,1774444849.599,0.1410,-0.0520,-1.0810,1.0914
2026-03-25T13:20:49.705Z,1774444849.705,0.1630,-0.0200,-1.1170,1.1290
2026-03-25T13:20:49.812Z,1774444849.812,0.1810,-0.0340,-1.0510,1.0670
2026-03-25T13:20:49.918Z,1774444849.918,0.1970,-0.0410,-1.0450,1.0642
2026-03-25T13:20:50.024Z,1774444850.025,0.2260,0.0010,-1.0780,1.1014
2026-03-25T13:20:50.139Z,1774444850.14,0.2290,-0.0240,-1.0420,1.0671
2026-03-25T13:20:50.250Z,1774444850.25,0.2170,-0.0570,-1.0340,1.0581
2026-03-25T13:20:50.370Z,1774444850.371,0.2240,-0.0350,-0.9730,0.9991
2026-03-25T13:20:50.479Z,1774444850.479,0.2130,-0.0390,-1.0230,1.0457
2026-03-25T13:20:50.587Z,1774444850.587,0.2040,-0.0510,-1.0030,1.0248
2026-03-25T13:20:50.688Z,1774444850.688,0.2030,-0.0510,-1.0040,1.0256
2026-03-25T13:20:50.797Z,1774444850.797,0.1900,-0.0660,-0.9920,1.0122
2026-03-25T13:20:50.900Z,1774444850.901,0.2030,-0.0520,-1.0140,1.0354
2026-03-25T13:20:51.007Z,1774444851.008,0.1910,-0.0520,-1.0510,1.0695
2026-03-25T13:20:51.113Z,1774444851.114,0.1850,-0.0530,-1.0680,1.0852
2026-03-25T13:20:51.216Z,1774444851.217,0.1660,-0.0630,-1.0150,1.0304
2026-03-25T13:20:51.323Z,1774444851.323,0.1610,-0.0650,-1.0110,1.0258
2026-03-25T13:20:51.429Z,1774444851.43,0.1500,-0.0870,-1.0140,1.0287
2026-03-25T13:20:51.549Z,1774444851.55,0.1650,-0.0770,-1.0160,1.0322
2026-03-25T13:20:51.655Z,1774444851.655,0.1630,-0.0890,-1.0240,1.0407
2026-03-25T13:20:51.757Z,1774444851.757,0.1500,-0.0910,-1.0080,1.0232
2026-03-25T13:20:51.867Z,1774444851.868,0.1370,-0.0870,-1.0420,1.0546
2026-03-25T13:20:51.969Z,1774444851.969,0.1470,-0.0880,-1.0270,1.0412
2026-03-25T13:20:52.080Z,1774444852.081,0.1430,-0.0890,-1.0290,1.0427
2026-03-25T13:20:52.189Z,1774444852.19,0.1510,-0.0980,-1.0290,1.0446
2026-03-25T13:20:52.305Z,1774444852.306,0.1370,-0.1090,-1.0450,1.0596
2026-03-25T13:20:52.412Z,1774444852.413,0.1150,-0.1110,-1.0080,1.0206
2026-03-25T13:20:52.519Z,1774444852.519,0.1320,-0.1490,-1.0260,1.0451
2026-03-25T13:20:52.626Z,1774444852.627,0.1140,-0.1350,-0.9920,1.0076
2026-03-25T13:20:52.731Z,1774444852.732,0.1100,-0.1360,-1.0240,1.0388
2026-03-25T13:20:52.834Z,1774444852.834,0.1030,-0.1070,-1.0220,1.0327
2026-03-25T13:20:52.941Z,1774444852.941,0.1170,-0.1060,-1.0860,1.0974
2026-03-25T13:20:53.047Z,1774444853.047,0.1180,-0.1060,-1.0590,1.0708
2026-03-25T13:20:53.165Z,1774444853.165,0.0980,-0.1030,-1.0320,1.0417
2026-03-25T13:20:53.273Z,1774444853.273,0.0910,-0.1380,-1.0200,1.0333
2026-03-25T13:20:53.393Z,1774444853.393,0.0780,-0.1460,-0.9550,0.9692
2026-03-25T13:20:53.501Z,1774444853.502,0.0850,-0.1360,-1.0220,1.0345
2026-03-25T13:20:53.619Z,1774444853.62,0.0760,-0.0970,-1.0500,1.0572
2026-03-25T13:20:53.727Z,1774444853.727,0.0730,-0.1350,-1.0300,1.0414
2026-03-25T13:20:53.833Z,1774444853.834,0.0580,-0.1620,-1.0130,1.0275
2026-03-25T13:20:53.940Z,1774444853.94,0.0760,-0.1600,-1.0470,1.0619
2026-03-25T13:20:54.046Z,1774444854.047,0.0560,-0.1530,-0.9940,1.0073
2026-03-25T13:20:54.149Z,1774444854.15,0.0630,-0.1540,-1.0420,1.0552
2026-03-25T13:20:54.255Z,1774444854.256,0.0750,-0.1350,-1.0300,1.0415
2026-03-25T13:20:54.371Z,1774444854.372,0.0550,-0.1640,-1.0010,1.0158
2026-03-25T13:20:54.484Z,1774444854.485,0.0560,-0.1790,-1.0040,1.0214
2026-03-25T13:20:54.605Z,1774444854.606,0.0620,-0.1340,-1.0020,1.0128
2026-03-25T13:20:54.710Z,1774444854.71,0.0630,-0.1190,-1.0010,1.0100
2026-03-25T13:20:54.837Z,1774444854.837,0.0700,-0.1650,-1.0380,1.0534
2026-03-25T13:20:54.951Z,1774444854.952,0.0680,-0.2120,-1.0250,1.0489
2026-03-25T13:20:55.058Z,1774444855.058,0.0620,-0.1400,-0.9390,0.9514
2026-03-25T13:20:55.184Z,1774444855.185,0.0740,-0.1890,-1.0520,1.0714
2026-03-25T13:20:55.300Z,1774444855.3,0.0430,-0.1570,-0.9820,0.9954
2026-03-25T13:20:55.406Z,1774444855.406,0.1470,-0.1740,-1.0360,1.0607
2026-03-25T13:20:55.512Z,1774444855.513,0.1200,-0.1570,-1.0620,1.0802
2026-03-25T13:20:55.628Z,1774444855.628,0.1400,-0.2040,-1.0210,1.0506
2026-03-25T13:20:55.738Z,1774444855.738,0.0940,-0.1730,-0.9940,1.0133
2026-03-25T13:20:55.844Z,1774444855.845,0.1100,-0.2080,-1.0590,1.0848
2026-03-25T13:20:55.951Z,1774444855.951,0.1030,-0.1460,-1.0180,1.0336
2026-03-25T13:20:56.057Z,1774444856.057,0.1080,-0.2460,-0.9980,1.0335
2026-03-25T13:20:56.160Z,1774444856.16,0.0760,-0.2050,-0.9500,0.9748
2026-03-25T13:20:56.266Z,1774444856.267,0.0730,-0.2360,-0.9850,1.0155
2026-03-25T13:20:56.388Z,1774444856.388,0.0740,-0.1600,-0.9940,1.0095
2026-03-25T13:20:56.495Z,1774444856.496,0.1170,-0.1670,-1.0600,1.0794
2026-03-25T13:20:56.598Z,1774444856.598,0.0780,-0.1860,-1.0110,1.0309
2026-03-25T13:20:56.705Z,1774444856.705,0.1010,-0.2400,-1.0070,1.0401
2026-03-25T13:20:56.827Z,1774444856.828,0.1290,-0.2280,-1.0200,1.0531
2026-03-25T13:20:56.934Z,1774444856.934,0.0610,-0.1840,-0.9910,1.0098
2026-03-25T13:20:57.040Z,1774444857.04,0.0910,-0.1960,-1.0310,1.0534
2026-03-25T13:20:57.143Z,1774444857.143,0.0550,-0.2040,-0.9990,1.0211
2026-03-25T13:20:57.249Z,1774444857.25,0.0640,-0.1830,-0.9600,0.9794
2026-03-25T13:20:57.356Z,1774444857.356,0.0690,-0.1810,-1.0380,1.0559
2026-03-25T13:20:57.462Z,1774444857.462,0.0460,-0.1220,-1.0120,1.0204
2026-03-25T13:20:57.569Z,1774444857.569,0.0640,-0.2230,-1.0350,1.0607
2026-03-25T13:20:57.675Z,1774444857.675,0.0250,-0.2110,-0.9860,1.0086
2026-03-25T13:20:57.781Z,1774444857.782,0.0010,-0.1800,-0.9940,1.0102
2026-03-25T13:20:57.884Z,1774444857.885,0.0430,-0.1770,-0.9850,1.0017
2026-03-25T13:20:58.000Z,1774444858.001,0.0340,-0.1820,-1.0170,1.0337
2026-03-25T13:20:58.113Z,1774444858.114,0.0380,-0.2410,-1.0300,1.0585
2026-03-25T13:20:58.228Z,1774444858.228,0.0150,-0.3070,-0.9750,1.0223
2026-03-25T13:20:58.339Z,1774444858.339,0.0140,-0.1620,-1.0180,1.0309
2026-03-25T13:20:58.448Z,1774444858.448,0.0260,-0.1750,-1.0300,1.0451
2026-03-25T13:20:58.551Z,1774444858.552,0.0090,-0.2070,-1.0120,1.0330
2026-03-25T13:20:58.654Z,1774444858.655,0.0100,-0.2300,-1.0130,1.0388
2026-03-25T13:20:58.760Z,1774444858.761,-0.0170,-0.2390,-0.9900,1.0186
2026-03-25T13:20:58.867Z,1774444858.867,-0.0430,-0.2550,-0.9630,0.9971
2026-03-25T13:20:58.974Z,1774444858.974,-0.0450,-0.2100,-0.9550,0.9789
2026-03-25T13:20:59.080Z,1774444859.08,-0.0370,-0.2560,-0.9840,1.0174
2026-03-25T13:20:59.186Z,1774444859.186,-0.0300,-0.2510,-0.9790,1.0111
2026-03-25T13:20:59.289Z,1774444859.289,-0.0180,-0.2540,-0.9770,1.0096
2026-03-25T13:20:59.414Z,1774444859.415,-0.0030,-0.1910,-0.7260,0.7507
2026-03-25T13:20:59.518Z,1774444859.518,-0.1160,-0.1930,-0.6400,0.6785
2026-03-25T13:20:59.625Z,1774444859.626,-0.0220,-0.1640,-0.6730,0.6930
2026-03-25T13:20:59.731Z,1774444859.732,0.2020,-0.0190,-1.0100,1.0302
2026-03-25T13:20:59.849Z,1774444859.85,0.1870,-0.3150,-1.2580,1.3103
2026-03-25T13:20:59.960Z,1774444859.961,0.2310,-0.2380,-1.2680,1.3107
2026-03-25T13:21:00.067Z,1774444860.067,0.2940,-0.0490,-1.4690,1.4989
2026-03-25T13:21:00.173Z,1774444860.174,0.1980,0.0090,-1.1850,1.2015
2026-03-25T13:21:00.280Z,1774444860.28,0.1700,-0.0350,-1.1740,1.1868
2026-03-25T13:21:00.386Z,1774444860.387,0.1950,-0.0810,-1.1740,1.1928
2026-03-25T13:21:00.492Z,1774444860.493,0.1700,-0.1170,-1.0010,1.0221
2026-03-25T13:21:00.596Z,1774444860.596,0.1720,-0.0910,-0.9860,1.0050
2026-03-25T13:21:00.702Z,1774444860.702,0.1540,-0.0150,-0.9980,1.0099
2026-03-25T13:21:00.829Z,1774444860.829,0.1350,-0.0530,-0.9780,0.9887
2026-03-25T13:21:00.931Z,1774444860.931,0.1570,-0.0680,-1.0160,1.0303
2026-03-25T13:21:01.035Z,1774444861.036,0.1490,-0.1140,-1.0680,1.0844
2026-03-25T13:21:01.140Z,1774444861.141,0.1550,-0.0990,-1.1450,1.1597
2026-03-25T13:21:01.263Z,1774444861.263,0.1260,-0.0560,-1.2030,1.2109
2026-03-25T13:21:01.370Z,1774444861.37,0.2090,-0.2220,-1.1900,1.2284
2026-03-25T13:21:01.479Z,1774444861.479,0.2210,-0.0290,-1.1880,1.2087
2026-03-25T13:21:01.582Z,1774444861.583,-0.0640,-0.0860,-0.3560,0.3718
2026-03-25T13:21:01.689Z,1774444861.69,-0.1240,-0.2000,-0.2960,0.3781
2026-03-25T13:21:01.796Z,1774444861.796,0.0920,-0.1270,-0.8560,0.8702
2026-03-25T13:21:01.902Z,1774444861.903,0.3270,-0.0970,-1.4020,1.4429
2026-03-25T13:21:02.008Z,1774444862.009,0.2500,-0.1050,-1.3560,1.3828
2026-03-25T13:21:02.115Z,1774444862.115,0.1550,-0.0750,-1.1080,1.1213
2026-03-25T13:21:02.228Z,1774444862.228,0.1360,-0.0900,-1.0710,1.0833
2026-03-25T13:21:02.344Z,1774444862.344,0.0870,0.0110,-1.0810,1.0846
2026-03-25T13:21:02.465Z,1774444862.466,0.0740,0.3480,-1.1940,1.2459
2026-03-25T13:21:02.570Z,1774444862.57,0.2460,0.4580,-0.8010,0.9549
2026-03-25T13:21:02.684Z,1774444862.685,0.1640,-0.1810,-0.7880,0.8250
2026-03-25T13:21:02.786Z,1774444862.787,0.0190,-0.7510,-1.0200,1.2668
2026-03-25T13:21:02.893Z,1774444862.893,0.0910,-0.6170,-1.1110,1.2741
2026-03-25T13:21:02.996Z,1774444862.996,0.1460,-0.2440,-1.0320,1.0705
2026-03-25T13:21:03.106Z,1774444863.106,0.0840,0.0910,-0.9650,0.9729
2026-03-25T13:21:03.212Z,1774444863.213,0.0220,0.2620,-1.0680,1.0999
2026-03-25T13:21:03.315Z,1774444863.315,-0.0540,0.1220,-1.0270,1.0356
2026-03-25T13:21:03.423Z,1774444863.423,-0.0470,0.0160,-1.0000,1.0012
2026-03-25T13:21:03.528Z,1774444863.529,-0.0220,-0.1190,-1.0280,1.0351
2026-03-25T13:21:03.652Z,1774444863.652,-0.0060,-0.0760,-1.0620,1.0647
2026-03-25T13:21:03.757Z,1774444863.758,0.0610,0.5500,-1.0780,1.2117
2026-03-25T13:21:03.875Z,1774444863.876,0.1400,0.2470,-0.9380,0.9800
2026-03-25T13:21:03.986Z,1774444863.987,0.1370,-0.2640,-1.0310,1.0730
2026-03-25T13:21:04.095Z,1774444864.095,0.0820,-0.9320,-1.1310,1.4678
2026-03-25T13:21:04.199Z,1774444864.2,0.1830,-0.4540,-1.1410,1.2416
2026-03-25T13:21:04.306Z,1774444864.306,0.1870,-0.0030,-1.0900,1.1059
2026-03-25T13:21:04.412Z,1774444864.413,0.0950,0.2490,-0.9160,0.9540
2026-03-25T13:21:04.519Z,1774444864.519,0.0120,0.2700,-1.0020,1.0378
2026-03-25T13:21:04.625Z,1774444864.626,-0.0420,0.1950,-1.0180,1.0374
2026-03-25T13:21:04.728Z,1774444864.729,-0.0510,0.0260,-1.0190,1.0206
2026-03-25T13:21:04.835Z,1774444864.835,-0.0070,-0.0340,-1.0350,1.0356
2026-03-25T13:21:04.941Z,1774444864.942,0.0190,0.0460,-1.0150,1.0162
2026-03-25T13:21:05.061Z,1774444865.061,-0.0200,0.2210,-1.0280,1.0517
2026-03-25T13:21:05.170Z,1774444865.171,-0.0070,0.2610,-1.1020,1.1325
2026-03-25T13:21:05.288Z,1774444865.289,0.1300,0.1890,-0.9200,0.9482
2026-03-25T13:21:05.399Z,1774444865.4,0.0910,-0.6570,-1.1190,1.3008
2026-03-25T13:21:05.507Z,1774444865.508,0.1230,-0.3560,-1.1240,1.1854
2026-03-25T13:21:05.612Z,1774444865.613,0.1150,-0.1030,-1.0890,1.0999
2026-03-25T13:21:05.713Z,1774444865.713,0.0750,0.1520,-1.0430,1.0567
2026-03-25T13:21:05.825Z,1774444865.826,-0.0250,0.1650,-0.9900,1.0040
2026-03-25T13:21:05.926Z,1774444865.926,-0.0780,0.1530,-0.9520,0.9674
2026-03-25T13:21:06.035Z,1774444866.035,-0.1020,0.0540,-1.0320,1.0384
2026-03-25T13:21:06.141Z,1774444866.142,-0.0620,-0.0280,-1.0440,1.0462
2026-03-25T13:21:06.247Z,1774444866.248,-0.0200,0.0160,-1.0620,1.0623
2026-03-25T13:21:06.354Z,1774444866.354,-0.0140,-0.0100,-1.0360,1.0361
2026-03-25T13:21:06.478Z,1774444866.479,-0.0040,-0.0230,-1.0230,1.0233
2026-03-25T13:21:06.579Z,1774444866.58,-0.0100,-0.0280,-1.0300,1.0304
2026-03-25T13:21:06.679Z,1774444866.68,-0.0130,-0.0330,-1.0200,1.0206
2026-03-25T13:21:06.792Z,1774444866.792,0.0010,0.0310,-1.0180,1.0185
2026-03-25T13:21:06.894Z,1774444866.894,-0.0020,-0.0080,-1.0290,1.0290
2026-03-25T13:21:07.001Z,1774444867.002,-0.0040,-0.0550,-1.0480,1.0494
2026-03-25T13:21:07.105Z,1774444867.106,-0.0280,0.0790,-1.0290,1.0324
2026-03-25T13:21:07.214Z,1774444867.215,-0.0510,0.8220,-0.9890,1.2870
2026-03-25T13:21:07.322Z,1774444867.323,0.1560,0.1140,-0.9660,0.9851
2026-03-25T13:21:07.431Z,1774444867.431,0.0770,-0.3350,-0.9210,0.9831
2026-03-25T13:21:07.538Z,1774444867.539,0.1950,-0.5750,-1.2070,1.3511
2026-03-25T13:21:07.644Z,1774444867.644,0.1620,-0.1530,-1.0730,1.0959
2026-03-25T13:21:07.750Z,1774444867.751,0.1140,0.0920,-1.0340,1.0443
2026-03-25T13:21:07.853Z,1774444867.853,0.0290,0.2760,-1.0320,1.0687
2026-03-25T13:21:07.960Z,1774444867.96,-0.0360,0.2510,-0.9990,1.0307
2026-03-25T13:21:08.066Z,1774444868.067,-0.0580,0.0310,-1.0510,1.0531
2026-03-25T13:21:08.172Z,1774444868.173,-0.0330,-0.0620,-1.0340,1.0364
2026-03-25T13:21:08.300Z,1774444868.3,0.0160,-0.0470,-1.0140,1.0152
2026-03-25T13:21:08.414Z,1774444868.415,0.0050,-0.0490,-0.9930,0.9942
2026-03-25T13:21:08.536Z,1774444868.536,-0.0010,-0.0270,-1.0180,1.0184
2026-03-25T13:21:08.640Z,1774444868.64,0.0160,-0.0470,-1.0650,1.0662
2026-03-25T13:21:08.751Z,1774444868.752,0.0270,-0.0490,-1.0250,1.0265
2026-03-25T13:21:08.852Z,1774444868.853,-0.0260,-0.0430,-1.0020,1.0033
2026-03-25T13:21:08.959Z,1774444868.959,-0.0420,-0.0410,-1.0380,1.0397
2026-03-25T13:21:09.065Z,1774444869.066,-0.0010,-0.0590,-1.0630,1.0646
2026-03-25T13:21:09.172Z,1774444869.172,0.0200,-0.0400,-1.0070,1.0080
2026-03-25T13:21:09.275Z,1774444869.275,0.0340,-0.0620,-0.9800,0.9825
2026-03-25T13:21:09.381Z,1774444869.381,0.0520,-0.0650,-1.0340,1.0373
2026-03-25T13:21:09.511Z,1774444869.511,0.0250,-0.0930,-0.9960,1.0006
2026-03-25T13:21:09.623Z,1774444869.623,0.0480,-0.0500,-1.0120,1.0144
2026-03-25T13:21:09.738Z,1774444869.738,0.0480,-0.0780,-1.0500,1.0540
2026-03-25T13:21:09.852Z,1774444869.852,0.0490,-0.0730,-1.0240,1.0278
2026-03-25T13:21:09.959Z,1774444869.959,0.0360,-0.0680,-1.0110,1.0139
2026-03-25T13:21:10.061Z,1774444870.061,0.0320,-0.0600,-1.0260,1.0283
2026-03-25T13:21:10.167Z,1774444870.168,0.0310,-0.0690,-1.0290,1.0318
2026-03-25T13:21:10.274Z,1774444870.274,0.0340,-0.0500,-1.0210,1.0228
2026-03-25T13:21:10.380Z,1774444870.381,0.0230,-0.0640,-1.0370,1.0392
2026-03-25T13:21:10.486Z,1774444870.487,0.0200,-0.0630,-1.0260,1.0281
2026-03-25T13:21:10.593Z,1774444870.593,0.0080,-0.0620,-1.0390,1.0409
2026-03-25T13:21:10.716Z,1774444870.716,0.0230,-0.0500,-1.0190,1.0205
2026-03-25T13:21:10.819Z,1774444870.819,-0.0110,-0.0440,-1.0250,1.0260
2026-03-25T13:21:10.925Z,1774444870.925,-0.0060,-0.0400,-1.0100,1.0108
2026-03-25T13:21:11.031Z,1774444871.032,-0.0140,-0.0660,-1.0620,1.0641
2026-03-25T13:21:11.151Z,1774444871.152,-0.0180,-0.0400,-1.0100,1.0110
2026-03-25T13:21:11.257Z,1774444871.257,-0.0110,-0.0290,-1.0350,1.0355
2026-03-25T13:21:11.366Z,1774444871.367,-0.0290,-0.0300,-0.9920,0.9929
2026-03-25T13:21:11.469Z,1774444871.47,-0.0180,-0.0640,-0.9870,0.9892
2026-03-25T13:21:11.573Z,1774444871.574,-0.0330,-0.0600,-1.0080,1.0103
2026-03-25T13:21:11.679Z,1774444871.68,-0.0180,-0.0490,-1.0530,1.0543
2026-03-25T13:21:11.785Z,1774444871.786,-0.0220,-0.0480,-1.0060,1.0074
2026-03-25T13:21:11.892Z,1774444871.892,-0.0170,-0.0500,-1.0120,1.0134
2026-03-25T13:21:11.998Z,1774444871.998,0.0110,-0.0420,-1.0190,1.0199
2026-03-25T13:21:12.104Z,1774444872.105,-0.0100,-0.0530,-1.0100,1.0114
2026-03-25T13:21:12.211Z,1774444872.211,-0.0070,-0.0120,-1.0370,1.0371
2026-03-25T13:21:12.314Z,1774444872.314,0.0220,-0.0510,-0.9920,0.9936
2026-03-25T13:21:12.420Z,1774444872.421,0.0260,-0.0360,-1.0430,1.0439
2026-03-25T13:21:12.542Z,1774444872.542,0.0970,-0.0420,-1.0170,1.0225
2026-03-25T13:21:12.649Z,1774444872.65,0.1180,-0.0310,-1.0700,1.0769
2026-03-25T13:21:12.760Z,1774444872.761,0.1400,-0.0180,-1.0440,1.0535
2026-03-25T13:21:12.862Z,1774444872.862,0.1000,-0.0560,-1.0300,1.0364
2026-03-25T13:21:12.971Z,1774444872.972,0.0670,-0.0490,-1.0600,1.0632
2026-03-25T13:21:13.072Z,1774444873.072,0.0730,-0.0510,-1.0880,1.0916
2026-03-25T13:21:13.176Z,1774444873.177,0.0640,-0.0100,-1.0490,1.0510
2026-03-25T13:21:13.284Z,1774444873.285,0.0580,0.0080,-0.9400,0.9418
2026-03-25T13:21:13.392Z,1774444873.393,-0.0100,-0.0620,-0.9620,0.9640
2026-03-25T13:21:13.498Z,1774444873.498,-0.0140,0.0330,-0.8760,0.8767
2026-03-25T13:21:13.604Z,1774444873.605,0.0030,0.0710,-0.8680,0.8709
2026-03-25T13:21:13.711Z,1774444873.711,0.0340,0.0370,-0.9060,0.9074
2026-03-25T13:21:13.817Z,1774444873.818,0.0270,-0.0530,-0.9870,0.9888
2026-03-25T13:21:13.923Z,1774444873.923,0.0790,-0.0440,-1.0580,1.0619
2026-03-25T13:21:14.029Z,1774444874.03,0.1050,0.0420,-1.0530,1.0591
2026-03-25T13:21:14.156Z,1774444874.156,0.0890,0.0110,-1.0330,1.0369
2026-03-25T13:21:14.259Z,1774444874.259,0.0020,0.0030,-0.9600,0.9600
2026-03-25T13:21:14.368Z,1774444874.368,0.0230,-0.0050,-1.0070,1.0073
2026-03-25T13:21:14.471Z,1774444874.472,0.0900,0.1140,-0.8640,0.8761
2026-03-25T13:21:14.594Z,1774444874.595,0.1190,0.1420,-0.8670,0.8866
2026-03-25T13:21:14.697Z,1774444874.698,0.0480,0.0080,-0.8680,0.8694
2026-03-25T13:21:14.798Z,1774444874.799,0.1390,0.1080,-0.9670,0.9829
2026-03-25T13:21:14.910Z,1774444874.91,0.1510,0.0660,-1.0880,1.1004
2026-03-25T13:21:15.033Z,1774444875.033,0.1890,-0.0020,-1.0320,1.0492
2026-03-25T13:21:15.139Z,1774444875.14,0.1440,-0.0030,-1.0480,1.0579
2026-03-25T13:21:15.246Z,1774444875.246,0.1560,0.0340,-1.2120,1.2225
2026-03-25T13:21:15.366Z,1774444875.367,0.2300,-0.0460,-0.9970,1.0242
2026-03-25T13:21:15.471Z,1774444875.472,0.3440,-0.2380,-0.8540,0.9509
2026-03-25T13:21:15.589Z,1774444875.589,0.4400,-0.1230,-0.9000,1.0093
2026-03-25T13:21:15.700Z,1774444875.701,0.3270,-0.1180,-1.0060,1.0644
2026-03-25T13:21:15.804Z,1774444875.804,0.2080,-0.0940,-0.9140,0.9421
2026-03-25T13:21:15.914Z,1774444875.914,-0.1090,0.3340,-1.7180,1.7536
2026-03-25T13:21:16.020Z,1774444876.021,0.0720,0.0280,-0.9720,0.9751
2026-03-25T13:21:16.126Z,1774444876.127,-0.9900,0.5780,-0.7100,1.3484
2026-03-25T13:21:16.233Z,1774444876.233,0.1350,0.0390,-1.0610,1.0703
2026-03-25T13:21:16.339Z,1774444876.34,0.1130,0.0450,-1.0330,1.0401
2026-03-25T13:21:16.446Z,1774444876.446,0.1190,0.0380,-1.0330,1.0405
2026-03-25T13:21:16.549Z,1774444876.549,0.0790,0.0400,-1.0160,1.0199
2026-03-25T13:21:16.655Z,1774444876.655,0.0870,0.0390,-1.0250,1.0294
2026-03-25T13:21:16.771Z,1774444876.772,0.0810,0.0400,-1.0310,1.0350
2026-03-25T13:21:16.881Z,1774444876.881,0.0820,0.0410,-1.0260,1.0301
2026-03-25T13:21:16.998Z,1774444876.999,0.0820,0.0390,-1.0210,1.0250
2026-03-25T13:21:17.109Z,1774444877.11,0.0780,0.0450,-1.0280,1.0319
2026-03-25T13:21:17.212Z,1774444877.212,0.0770,0.0370,-1.0260,1.0296
2026-03-25T13:21:17.318Z,1774444877.319,0.0780,0.0410,-1.0270,1.0308
2026-03-25T13:21:17.425Z,1774444877.425,0.0770,0.0490,-1.0250,1.0291
2026-03-25T13:21:17.531Z,1774444877.532,0.0720,0.0400,-1.0190,1.0223
2026-03-25T13:21:17.638Z,1774444877.638,0.0660,0.0350,-1.0270,1.0297
2026-03-25T13:21:17.744Z,1774444877.744,0.0900,0.0400,-1.0350,1.0397
2026-03-25T13:21:17.847Z,1774444877.847,0.0730,0.0440,-1.0190,1.0226
2026-03-25T13:21:17.953Z,1774444877.954,0.0740,0.0460,-1.0240,1.0277
2026-03-25T13:21:18.060Z,1774444878.06,0.0780,0.0420,-1.0200,1.0238
2026-03-25T13:21:18.177Z,1774444878.178,0.0740,0.0430,-1.0300,1.0335
2026-03-25T13:21:18.285Z,1774444878.286,0.0790,0.0380,-1.0220,1.0258
2026-03-25T13:21:18.393Z,1774444878.394,0.0750,0.0460,-1.0220,1.0258
2026-03-25T13:21:18.498Z,1774444878.498,0.0770,0.0380,-1.0280,1.0316
2026-03-25T13:21:18.617Z,1774444878.617,0.0780,0.0410,-1.0280,1.0318
2026-03-25T13:21:18.723Z,1774444878.724,0.0780,0.0380,-1.0230,1.0267
2026-03-25T13:21:18.843Z,1774444878.844,0.0770,0.0400,-1.0240,1.0277
2026-03-25T13:21:18.949Z,1774444878.949,0.0730,0.0380,-1.0300,1.0333
2026-03-25T13:21:19.055Z,1774444879.055,0.0750,0.0410,-1.0290,1.0325
2026-03-25T13:21:19.161Z,1774444879.162,0.0760,0.0370,-1.0280,1.0315
2026-03-25T13:21:19.268Z,1774444879.268,0.0730,0.0360,-1.0180,1.0212
2026-03-25T13:21:19.371Z,1774444879.371,0.0720,0.0420,-1.0280,1.0314
2026-03-25T13:21:19.481Z,1774444879.481,0.0650,0.0450,-1.0190,1.0221
2026-03-25T13:21:19.594Z,1774444879.595,0.0690,0.0410,-1.0260,1.0291
2026-03-25T13:21:19.706Z,1774444879.706,0.0770,0.0440,-1.0310,1.0348
2026-03-25T13:21:19.809Z,1774444879.809,0.0730,0.0430,-1.0250,1.0285
2026-03-25T13:21:19.915Z,1774444879.916,0.0760,0.0440,-1.0230,1.0268
2026-03-25T13:21:20.036Z,1774444880.036,0.0760,0.0430,-1.0230,1.0267
2026-03-25T13:21:20.141Z,1774444880.141,0.0730,0.0410,-1.0220,1.0254
2026-03-25T13:21:20.248Z,1774444880.248,0.0720,0.0460,-1.0240,1.0276
2026-03-25T13:21:20.353Z,1774444880.354,0.0720,0.0440,-1.0150,1.0185
2026-03-25T13:21:20.460Z,1774444880.46,0.0670,0.0430,-1.0330,1.0361
2026-03-25T13:21:20.566Z,1774444880.567,0.0750,0.0440,-1.0310,1.0347
